<?xml version="1.0"?>
<doc>
    <assembly>
        <name>WebApiCore</name>
    </assembly>
    <members>
        <member name="T:WebApiCore.Controllers.CustomerController">
            <summary>
            
            </summary>
        </member>
        <member name="M:WebApiCore.Controllers.CustomerController.#ctor(Microsoft.AspNetCore.Hosting.IHostingEnvironment,WebApiCore.IServices.ICustomerService,Microsoft.Extensions.Logging.ILogger{WebApiCore.Controllers.CustomerController})">
            <summary>
            CustomerController
            </summary>
            <param name="env"></param>
            <param name="customerService"></param>
            <param name="customerLogger"></param>
        </member>
        <member name="M:WebApiCore.Controllers.CustomerController.AddCustomer(WebApiCore.Dto.CustomerDto)">
            <summary>
            AddCustomer
            </summary>
            <param name="customerDto"></param>
            <returns></returns>
        </member>
        <member name="M:WebApiCore.Mapper.CustomerMapper.CustomerDtoToCustomer(WebApiCore.Dto.CustomerDto)">
            <summary>
            
            </summary>
            <param name="customerDto"></param>
            <returns></returns>
        </member>
        <member name="T:WebApiCore.RegisterServices">
            <summary>
            RegisterServices
            </summary>
        </member>
        <member name="M:WebApiCore.RegisterServices.RegisterConfigServices(Microsoft.Extensions.DependencyInjection.IServiceCollection,Microsoft.Extensions.Configuration.IConfiguration)">
            <summary>
            RegisterConfigServices
            </summary>
            <param name="services"></param>
            <param name="configuration"></param>
        </member>
        <member name="M:WebApiCore.Repository.Customers.CustomerRepository.#ctor(WebApiCore.Models.SampleDbContext,Microsoft.AspNetCore.Http.IHttpContextAccessor)">
            <summary>
            CustomerRepository
            </summary>
            <param name="sampleDbContext"></param>
            <param name="httpContextAccessor"></param>
        </member>
        <member name="T:WebApiCore.Services.CustomerService">
            <summary>
            CustomerService
            </summary>
        </member>
        <member name="M:WebApiCore.Services.CustomerService.#ctor(Microsoft.Extensions.Logging.ILogger{WebApiCore.Services.CustomerService},WebApiCore.Repository.Customers.ICustomerRepository)">
            <summary>
            CustomerService
            </summary>
            <param name="logger"></param>
            <param name="customerRepository"></param>
        </member>
        <member name="M:WebApiCore.Services.CustomerService.AddCustomers(WebApiCore.Dto.CustomerDto)">
            <summary>
            AddCustomers
            </summary>
            <param name="customerDto"></param>
            <returns></returns>
        </member>
        <member name="M:WebApiCore.Startup.ConfigureServices(Microsoft.Extensions.DependencyInjection.IServiceCollection)">
            <summary>
            ConfigureServices
            </summary>
            <param name="services"></param>
        </member>
    </members>
</doc>
